<?xml version="1.0" encoding="UTF-8" standalone="no"?>
<Canvas xmlns="http://www.jgrasp.org">
  <Language>Java</Language>
  <ShowTypes>false</ShowTypes>
  <Version>2</Version>
  <Grid>
    <Snap>true</Snap>
    <Show>false</Show>
  </Grid>
  <Scope id="0">
    <Name>main</Name>
    <Signature>([Ljava/lang/String;)V</Signature>
    <DeclaringType>Algorithms</DeclaringType>
    <Depth>0</Depth>
  </Scope>
  <Frame>
    <Bounds>
      <AutoSize>true</AutoSize>
      <X>100</X>
      <Y>90</Y>
      <W>382</W>
      <H>74</H>
    </Bounds>
    <Viewer>
      <ScopeID>0</ScopeID>
      <Expression>`local int[]` arrayIn</Expression>
      <ViewerClass>jgrasp_viewers._X_A_PresentationView</ViewerClass>
    </Viewer>
  </Frame>
  <Size>
    <W>768</W>
    <H>432</H>
  </Size>
  <ESize>
    <W>768</W>
    <H>432</H>
  </ESize>
</Canvas>
